site,organism,drug,raw_auc,raw_auc_ci_low,raw_auc_ci_high,raw_aupr,matched_auc,matched_auc_ci_low,matched_auc_ci_high,matched_aupr,stratum_centered_auc,stratum_centered_auc_ci_low,stratum_centered_auc_ci_high,pairwise_accuracy,pairwise_comparisons,permutation_p,permutation_null_mean,permutation_null_std,matched_retention,adequacy_label,interpretation_category,n_total,n_r,n_matched,n_matched_r,n_valid_strata,min_pos_per_stratum,min_neg_per_stratum,match_year
MARISMa,Escherichia coli,Amoxicillin-Clavulanic acid,0.518595,0.490966,0.546797,0.401356,0.518289,0.489262,0.545712,0.392846,0.537513,0.508872,0.563376,0.557309,156259,0.00199601,0.497798,0.0121778,0.963745,interpretable,weak_raw_signal,1848,731,1781,692,9,3,3,False
MARISMa,Escherichia coli,Cefepime,0.472523,0.44493,0.500859,0.299467,0.406014,0.325941,0.496942,0.872357,0.415942,0.329238,0.495868,0.422571,7523,0.9501,0.5039,0.0505668,0.204787,interpretable,weak_raw_signal,1880,584,385,345,4,3,3,False
MARISMa,Escherichia coli,Ceftazidime,0.479139,0.451084,0.508363,0.321101,0.562264,0.234717,0.848881,0.97938,0.562264,0.208022,0.871269,0.562264,1325,0.307385,0.494002,0.125459,0.143541,interpretable,weak_raw_signal,1881,619,270,265,1,3,3,False
MARISMa,Escherichia coli,Ceftriaxone,0.477515,0.451029,0.505879,0.320881,0.535849,0.197358,0.867537,0.980152,0.535849,0.20566,0.857143,0.535849,1325,0.439122,0.504024,0.124475,0.143541,interpretable,weak_raw_signal,1881,619,270,265,1,3,3,False
MARISMa,Escherichia coli,Ciprofloxacin,0.518688,0.491025,0.545694,0.466636,0.539686,0.51152,0.567914,0.523154,0.506902,0.476433,0.537228,0.51081,87095,0.253493,0.499515,0.0113305,0.862422,interpretable,weak_raw_signal,1759,807,1517,760,7,3,3,False
MARISMa,Escherichia coli,Norfloxacin,0.541468,0.479514,0.602217,0.567167,0.509447,0.355176,0.644062,0.138942,0.474696,0.332903,0.62112,0.418283,1083,0.56487,0.486577,0.0585161,0.502874,interpretable,weak_raw_signal,348,180,175,19,3,3,3,False
